id,account_id,tax_id,company_id,sequence,create_uid,write_uid,repartition_type,document_type,use_in_tax_closing,create_date,write_date,factor_percent
408,27,103,1,1,1,1,tax,refund,t,2024-04-18 07:47:52.331217,2024-04-18 07:47:52.331217,100
1,,1,1,1,1,1,base,invoice,f,2024-04-18 07:47:52.331217,2024-04-18 07:47:52.331217,100
2,70,1,1,1,1,1,tax,invoice,t,2024-04-18 07:47:52.331217,2024-04-18 07:47:52.331217,100
3,,1,1,1,1,1,base,refund,f,2024-04-18 07:47:52.331217,2024-04-18 07:47:52.331217,100
4,70,1,1,1,1,1,tax,refund,t,2024-04-18 07:47:52.331217,2024-04-18 07:47:52.331217,100
5,,2,1,1,1,1,base,invoice,f,2024-04-18 07:47:52.331217,2024-04-18 07:47:52.331217,100
6,70,2,1,1,1,1,tax,invoice,t,2024-04-18 07:47:52.331217,2024-04-18 07:47:52.331217,100
7,,2,1,1,1,1,base,refund,f,2024-04-18 07:47:52.331217,2024-04-18 07:47:52.331217,100
8,70,2,1,1,1,1,tax,refund,t,2024-04-18 07:47:52.331217,2024-04-18 07:47:52.331217,100
9,,3,1,1,1,1,base,invoice,f,2024-04-18 07:47:52.331217,2024-04-18 07:47:52.331217,100
10,70,3,1,1,1,1,tax,invoice,t,2024-04-18 07:47:52.331217,2024-04-18 07:47:52.331217,100
11,,3,1,1,1,1,base,refund,f,2024-04-18 07:47:52.331217,2024-04-18 07:47:52.331217,100
12,70,3,1,1,1,1,tax,refund,t,2024-04-18 07:47:52.331217,2024-04-18 07:47:52.331217,100
13,,4,1,1,1,1,base,invoice,f,2024-04-18 07:47:52.331217,2024-04-18 07:47:52.331217,100
14,70,4,1,1,1,1,tax,invoice,t,2024-04-18 07:47:52.331217,2024-04-18 07:47:52.331217,100
15,,4,1,1,1,1,base,refund,f,2024-04-18 07:47:52.331217,2024-04-18 07:47:52.331217,100
16,70,4,1,1,1,1,tax,refund,t,2024-04-18 07:47:52.331217,2024-04-18 07:47:52.331217,100
17,,5,1,1,1,1,base,invoice,f,2024-04-18 07:47:52.331217,2024-04-18 07:47:52.331217,100
18,70,5,1,1,1,1,tax,invoice,t,2024-04-18 07:47:52.331217,2024-04-18 07:47:52.331217,100
19,,5,1,1,1,1,base,refund,f,2024-04-18 07:47:52.331217,2024-04-18 07:47:52.331217,100
20,70,5,1,1,1,1,tax,refund,t,2024-04-18 07:47:52.331217,2024-04-18 07:47:52.331217,100
21,,6,1,1,1,1,base,invoice,f,2024-04-18 07:47:52.331217,2024-04-18 07:47:52.331217,100
22,70,6,1,1,1,1,tax,invoice,t,2024-04-18 07:47:52.331217,2024-04-18 07:47:52.331217,100
23,,6,1,1,1,1,base,refund,f,2024-04-18 07:47:52.331217,2024-04-18 07:47:52.331217,100
24,70,6,1,1,1,1,tax,refund,t,2024-04-18 07:47:52.331217,2024-04-18 07:47:52.331217,100
25,,7,1,1,1,1,base,invoice,f,2024-04-18 07:47:52.331217,2024-04-18 07:47:52.331217,100
26,70,7,1,1,1,1,tax,invoice,t,2024-04-18 07:47:52.331217,2024-04-18 07:47:52.331217,100
27,,7,1,1,1,1,base,refund,f,2024-04-18 07:47:52.331217,2024-04-18 07:47:52.331217,100
28,70,7,1,1,1,1,tax,refund,t,2024-04-18 07:47:52.331217,2024-04-18 07:47:52.331217,100
29,,8,1,1,1,1,base,invoice,f,2024-04-18 07:47:52.331217,2024-04-18 07:47:52.331217,100
30,70,8,1,1,1,1,tax,invoice,t,2024-04-18 07:47:52.331217,2024-04-18 07:47:52.331217,100
31,,8,1,1,1,1,base,refund,f,2024-04-18 07:47:52.331217,2024-04-18 07:47:52.331217,100
32,70,8,1,1,1,1,tax,refund,t,2024-04-18 07:47:52.331217,2024-04-18 07:47:52.331217,100
33,,9,1,1,1,1,base,invoice,f,2024-04-18 07:47:52.331217,2024-04-18 07:47:52.331217,100
34,70,9,1,1,1,1,tax,invoice,t,2024-04-18 07:47:52.331217,2024-04-18 07:47:52.331217,100
35,,9,1,1,1,1,base,refund,f,2024-04-18 07:47:52.331217,2024-04-18 07:47:52.331217,100
36,70,9,1,1,1,1,tax,refund,t,2024-04-18 07:47:52.331217,2024-04-18 07:47:52.331217,100
37,,10,1,1,1,1,base,invoice,f,2024-04-18 07:47:52.331217,2024-04-18 07:47:52.331217,100
38,70,10,1,1,1,1,tax,invoice,t,2024-04-18 07:47:52.331217,2024-04-18 07:47:52.331217,100
39,,10,1,1,1,1,base,refund,f,2024-04-18 07:47:52.331217,2024-04-18 07:47:52.331217,100
40,70,10,1,1,1,1,tax,refund,t,2024-04-18 07:47:52.331217,2024-04-18 07:47:52.331217,100
41,,11,1,1,1,1,base,invoice,f,2024-04-18 07:47:52.331217,2024-04-18 07:47:52.331217,100
42,70,11,1,1,1,1,tax,invoice,t,2024-04-18 07:47:52.331217,2024-04-18 07:47:52.331217,100
43,,11,1,1,1,1,base,refund,f,2024-04-18 07:47:52.331217,2024-04-18 07:47:52.331217,100
44,70,11,1,1,1,1,tax,refund,t,2024-04-18 07:47:52.331217,2024-04-18 07:47:52.331217,100
45,,12,1,1,1,1,base,invoice,f,2024-04-18 07:47:52.331217,2024-04-18 07:47:52.331217,100
46,70,12,1,1,1,1,tax,invoice,t,2024-04-18 07:47:52.331217,2024-04-18 07:47:52.331217,100
47,,12,1,1,1,1,base,refund,f,2024-04-18 07:47:52.331217,2024-04-18 07:47:52.331217,100
48,70,12,1,1,1,1,tax,refund,t,2024-04-18 07:47:52.331217,2024-04-18 07:47:52.331217,100
49,,13,1,1,1,1,base,invoice,f,2024-04-18 07:47:52.331217,2024-04-18 07:47:52.331217,100
50,70,13,1,1,1,1,tax,invoice,t,2024-04-18 07:47:52.331217,2024-04-18 07:47:52.331217,100
51,,13,1,1,1,1,base,refund,f,2024-04-18 07:47:52.331217,2024-04-18 07:47:52.331217,100
52,70,13,1,1,1,1,tax,refund,t,2024-04-18 07:47:52.331217,2024-04-18 07:47:52.331217,100
53,,14,1,1,1,1,base,invoice,f,2024-04-18 07:47:52.331217,2024-04-18 07:47:52.331217,100
54,70,14,1,1,1,1,tax,invoice,t,2024-04-18 07:47:52.331217,2024-04-18 07:47:52.331217,100
55,,14,1,1,1,1,base,refund,f,2024-04-18 07:47:52.331217,2024-04-18 07:47:52.331217,100
56,70,14,1,1,1,1,tax,refund,t,2024-04-18 07:47:52.331217,2024-04-18 07:47:52.331217,100
57,,15,1,1,1,1,base,invoice,f,2024-04-18 07:47:52.331217,2024-04-18 07:47:52.331217,100
58,70,15,1,1,1,1,tax,invoice,t,2024-04-18 07:47:52.331217,2024-04-18 07:47:52.331217,100
59,,15,1,1,1,1,base,refund,f,2024-04-18 07:47:52.331217,2024-04-18 07:47:52.331217,100
60,70,15,1,1,1,1,tax,refund,t,2024-04-18 07:47:52.331217,2024-04-18 07:47:52.331217,100
61,,16,1,1,1,1,base,invoice,f,2024-04-18 07:47:52.331217,2024-04-18 07:47:52.331217,100
62,70,16,1,1,1,1,tax,invoice,t,2024-04-18 07:47:52.331217,2024-04-18 07:47:52.331217,100
63,,16,1,1,1,1,base,refund,f,2024-04-18 07:47:52.331217,2024-04-18 07:47:52.331217,100
64,70,16,1,1,1,1,tax,refund,t,2024-04-18 07:47:52.331217,2024-04-18 07:47:52.331217,100
65,,17,1,1,1,1,base,invoice,f,2024-04-18 07:47:52.331217,2024-04-18 07:47:52.331217,100
66,70,17,1,1,1,1,tax,invoice,t,2024-04-18 07:47:52.331217,2024-04-18 07:47:52.331217,100
67,,17,1,1,1,1,base,refund,f,2024-04-18 07:47:52.331217,2024-04-18 07:47:52.331217,100
68,70,17,1,1,1,1,tax,refund,t,2024-04-18 07:47:52.331217,2024-04-18 07:47:52.331217,100
69,,18,1,1,1,1,base,invoice,f,2024-04-18 07:47:52.331217,2024-04-18 07:47:52.331217,100
70,70,18,1,1,1,1,tax,invoice,t,2024-04-18 07:47:52.331217,2024-04-18 07:47:52.331217,100
71,,18,1,1,1,1,base,refund,f,2024-04-18 07:47:52.331217,2024-04-18 07:47:52.331217,100
72,70,18,1,1,1,1,tax,refund,t,2024-04-18 07:47:52.331217,2024-04-18 07:47:52.331217,100
73,,19,1,1,1,1,base,invoice,f,2024-04-18 07:47:52.331217,2024-04-18 07:47:52.331217,100
74,70,19,1,1,1,1,tax,invoice,t,2024-04-18 07:47:52.331217,2024-04-18 07:47:52.331217,100
75,,19,1,1,1,1,base,refund,f,2024-04-18 07:47:52.331217,2024-04-18 07:47:52.331217,100
76,70,19,1,1,1,1,tax,refund,t,2024-04-18 07:47:52.331217,2024-04-18 07:47:52.331217,100
77,,20,1,1,1,1,base,invoice,f,2024-04-18 07:47:52.331217,2024-04-18 07:47:52.331217,100
78,70,20,1,1,1,1,tax,invoice,t,2024-04-18 07:47:52.331217,2024-04-18 07:47:52.331217,100
79,,20,1,1,1,1,base,refund,f,2024-04-18 07:47:52.331217,2024-04-18 07:47:52.331217,100
80,70,20,1,1,1,1,tax,refund,t,2024-04-18 07:47:52.331217,2024-04-18 07:47:52.331217,100
81,,21,1,1,1,1,base,invoice,f,2024-04-18 07:47:52.331217,2024-04-18 07:47:52.331217,100
82,70,21,1,1,1,1,tax,invoice,t,2024-04-18 07:47:52.331217,2024-04-18 07:47:52.331217,100
83,,21,1,1,1,1,base,refund,f,2024-04-18 07:47:52.331217,2024-04-18 07:47:52.331217,100
84,70,21,1,1,1,1,tax,refund,t,2024-04-18 07:47:52.331217,2024-04-18 07:47:52.331217,100
85,,22,1,1,1,1,base,invoice,f,2024-04-18 07:47:52.331217,2024-04-18 07:47:52.331217,100
86,70,22,1,1,1,1,tax,invoice,t,2024-04-18 07:47:52.331217,2024-04-18 07:47:52.331217,100
87,,22,1,1,1,1,base,refund,f,2024-04-18 07:47:52.331217,2024-04-18 07:47:52.331217,100
88,70,22,1,1,1,1,tax,refund,t,2024-04-18 07:47:52.331217,2024-04-18 07:47:52.331217,100
89,,23,1,1,1,1,base,invoice,f,2024-04-18 07:47:52.331217,2024-04-18 07:47:52.331217,100
90,70,23,1,1,1,1,tax,invoice,t,2024-04-18 07:47:52.331217,2024-04-18 07:47:52.331217,100
91,,23,1,1,1,1,base,refund,f,2024-04-18 07:47:52.331217,2024-04-18 07:47:52.331217,100
92,70,23,1,1,1,1,tax,refund,t,2024-04-18 07:47:52.331217,2024-04-18 07:47:52.331217,100
93,,24,1,1,1,1,base,invoice,f,2024-04-18 07:47:52.331217,2024-04-18 07:47:52.331217,100
94,70,24,1,1,1,1,tax,invoice,t,2024-04-18 07:47:52.331217,2024-04-18 07:47:52.331217,100
95,,24,1,1,1,1,base,refund,f,2024-04-18 07:47:52.331217,2024-04-18 07:47:52.331217,100
96,70,24,1,1,1,1,tax,refund,t,2024-04-18 07:47:52.331217,2024-04-18 07:47:52.331217,100
97,,25,1,1,1,1,base,invoice,f,2024-04-18 07:47:52.331217,2024-04-18 07:47:52.331217,100
98,70,25,1,1,1,1,tax,invoice,t,2024-04-18 07:47:52.331217,2024-04-18 07:47:52.331217,100
99,,25,1,1,1,1,base,refund,f,2024-04-18 07:47:52.331217,2024-04-18 07:47:52.331217,100
100,70,25,1,1,1,1,tax,refund,t,2024-04-18 07:47:52.331217,2024-04-18 07:47:52.331217,100
101,,26,1,1,1,1,base,invoice,f,2024-04-18 07:47:52.331217,2024-04-18 07:47:52.331217,100
102,69,26,1,1,1,1,tax,invoice,t,2024-04-18 07:47:52.331217,2024-04-18 07:47:52.331217,100
103,,26,1,1,1,1,base,refund,f,2024-04-18 07:47:52.331217,2024-04-18 07:47:52.331217,100
104,69,26,1,1,1,1,tax,refund,t,2024-04-18 07:47:52.331217,2024-04-18 07:47:52.331217,100
105,,27,1,1,1,1,base,invoice,f,2024-04-18 07:47:52.331217,2024-04-18 07:47:52.331217,100
106,69,27,1,1,1,1,tax,invoice,t,2024-04-18 07:47:52.331217,2024-04-18 07:47:52.331217,100
107,,27,1,1,1,1,base,refund,f,2024-04-18 07:47:52.331217,2024-04-18 07:47:52.331217,100
108,69,27,1,1,1,1,tax,refund,t,2024-04-18 07:47:52.331217,2024-04-18 07:47:52.331217,100
109,,28,1,1,1,1,base,invoice,f,2024-04-18 07:47:52.331217,2024-04-18 07:47:52.331217,100
110,69,28,1,1,1,1,tax,invoice,t,2024-04-18 07:47:52.331217,2024-04-18 07:47:52.331217,100
111,,28,1,1,1,1,base,refund,f,2024-04-18 07:47:52.331217,2024-04-18 07:47:52.331217,100
112,69,28,1,1,1,1,tax,refund,t,2024-04-18 07:47:52.331217,2024-04-18 07:47:52.331217,100
113,,29,1,1,1,1,base,invoice,f,2024-04-18 07:47:52.331217,2024-04-18 07:47:52.331217,100
114,69,29,1,1,1,1,tax,invoice,t,2024-04-18 07:47:52.331217,2024-04-18 07:47:52.331217,100
115,,29,1,1,1,1,base,refund,f,2024-04-18 07:47:52.331217,2024-04-18 07:47:52.331217,100
116,69,29,1,1,1,1,tax,refund,t,2024-04-18 07:47:52.331217,2024-04-18 07:47:52.331217,100
117,,30,1,1,1,1,base,invoice,f,2024-04-18 07:47:52.331217,2024-04-18 07:47:52.331217,100
118,69,30,1,1,1,1,tax,invoice,t,2024-04-18 07:47:52.331217,2024-04-18 07:47:52.331217,100
119,,30,1,1,1,1,base,refund,f,2024-04-18 07:47:52.331217,2024-04-18 07:47:52.331217,100
120,69,30,1,1,1,1,tax,refund,t,2024-04-18 07:47:52.331217,2024-04-18 07:47:52.331217,100
121,,31,1,1,1,1,base,invoice,f,2024-04-18 07:47:52.331217,2024-04-18 07:47:52.331217,100
122,69,31,1,1,1,1,tax,invoice,t,2024-04-18 07:47:52.331217,2024-04-18 07:47:52.331217,100
123,,31,1,1,1,1,base,refund,f,2024-04-18 07:47:52.331217,2024-04-18 07:47:52.331217,100
124,69,31,1,1,1,1,tax,refund,t,2024-04-18 07:47:52.331217,2024-04-18 07:47:52.331217,100
125,,32,1,1,1,1,base,invoice,f,2024-04-18 07:47:52.331217,2024-04-18 07:47:52.331217,100
126,69,32,1,1,1,1,tax,invoice,t,2024-04-18 07:47:52.331217,2024-04-18 07:47:52.331217,100
127,,32,1,1,1,1,base,refund,f,2024-04-18 07:47:52.331217,2024-04-18 07:47:52.331217,100
128,69,32,1,1,1,1,tax,refund,t,2024-04-18 07:47:52.331217,2024-04-18 07:47:52.331217,100
129,,33,1,1,1,1,base,invoice,f,2024-04-18 07:47:52.331217,2024-04-18 07:47:52.331217,100
130,69,33,1,1,1,1,tax,invoice,t,2024-04-18 07:47:52.331217,2024-04-18 07:47:52.331217,100
131,,33,1,1,1,1,base,refund,f,2024-04-18 07:47:52.331217,2024-04-18 07:47:52.331217,100
132,69,33,1,1,1,1,tax,refund,t,2024-04-18 07:47:52.331217,2024-04-18 07:47:52.331217,100
133,,34,1,1,1,1,base,invoice,f,2024-04-18 07:47:52.331217,2024-04-18 07:47:52.331217,100
134,69,34,1,1,1,1,tax,invoice,t,2024-04-18 07:47:52.331217,2024-04-18 07:47:52.331217,100
135,,34,1,1,1,1,base,refund,f,2024-04-18 07:47:52.331217,2024-04-18 07:47:52.331217,100
136,69,34,1,1,1,1,tax,refund,t,2024-04-18 07:47:52.331217,2024-04-18 07:47:52.331217,100
137,,35,1,1,1,1,base,invoice,f,2024-04-18 07:47:52.331217,2024-04-18 07:47:52.331217,100
138,69,35,1,1,1,1,tax,invoice,t,2024-04-18 07:47:52.331217,2024-04-18 07:47:52.331217,100
139,,35,1,1,1,1,base,refund,f,2024-04-18 07:47:52.331217,2024-04-18 07:47:52.331217,100
140,69,35,1,1,1,1,tax,refund,t,2024-04-18 07:47:52.331217,2024-04-18 07:47:52.331217,100
141,,36,1,1,1,1,base,invoice,f,2024-04-18 07:47:52.331217,2024-04-18 07:47:52.331217,100
142,69,36,1,1,1,1,tax,invoice,t,2024-04-18 07:47:52.331217,2024-04-18 07:47:52.331217,100
143,,36,1,1,1,1,base,refund,f,2024-04-18 07:47:52.331217,2024-04-18 07:47:52.331217,100
144,69,36,1,1,1,1,tax,refund,t,2024-04-18 07:47:52.331217,2024-04-18 07:47:52.331217,100
145,,37,1,1,1,1,base,invoice,f,2024-04-18 07:47:52.331217,2024-04-18 07:47:52.331217,100
146,69,37,1,1,1,1,tax,invoice,t,2024-04-18 07:47:52.331217,2024-04-18 07:47:52.331217,100
147,,37,1,1,1,1,base,refund,f,2024-04-18 07:47:52.331217,2024-04-18 07:47:52.331217,100
148,69,37,1,1,1,1,tax,refund,t,2024-04-18 07:47:52.331217,2024-04-18 07:47:52.331217,100
149,,38,1,1,1,1,base,invoice,f,2024-04-18 07:47:52.331217,2024-04-18 07:47:52.331217,100
150,69,38,1,1,1,1,tax,invoice,t,2024-04-18 07:47:52.331217,2024-04-18 07:47:52.331217,100
151,,38,1,1,1,1,base,refund,f,2024-04-18 07:47:52.331217,2024-04-18 07:47:52.331217,100
152,69,38,1,1,1,1,tax,refund,t,2024-04-18 07:47:52.331217,2024-04-18 07:47:52.331217,100
153,,39,1,1,1,1,base,invoice,f,2024-04-18 07:47:52.331217,2024-04-18 07:47:52.331217,100
154,69,39,1,1,1,1,tax,invoice,t,2024-04-18 07:47:52.331217,2024-04-18 07:47:52.331217,100
155,,39,1,1,1,1,base,refund,f,2024-04-18 07:47:52.331217,2024-04-18 07:47:52.331217,100
156,69,39,1,1,1,1,tax,refund,t,2024-04-18 07:47:52.331217,2024-04-18 07:47:52.331217,100
157,,40,1,1,1,1,base,invoice,f,2024-04-18 07:47:52.331217,2024-04-18 07:47:52.331217,100
158,69,40,1,1,1,1,tax,invoice,t,2024-04-18 07:47:52.331217,2024-04-18 07:47:52.331217,100
159,,40,1,1,1,1,base,refund,f,2024-04-18 07:47:52.331217,2024-04-18 07:47:52.331217,100
160,69,40,1,1,1,1,tax,refund,t,2024-04-18 07:47:52.331217,2024-04-18 07:47:52.331217,100
161,,41,1,1,1,1,base,invoice,f,2024-04-18 07:47:52.331217,2024-04-18 07:47:52.331217,100
162,69,41,1,1,1,1,tax,invoice,t,2024-04-18 07:47:52.331217,2024-04-18 07:47:52.331217,100
163,,41,1,1,1,1,base,refund,f,2024-04-18 07:47:52.331217,2024-04-18 07:47:52.331217,100
164,69,41,1,1,1,1,tax,refund,t,2024-04-18 07:47:52.331217,2024-04-18 07:47:52.331217,100
165,,42,1,1,1,1,base,invoice,f,2024-04-18 07:47:52.331217,2024-04-18 07:47:52.331217,100
166,69,42,1,1,1,1,tax,invoice,t,2024-04-18 07:47:52.331217,2024-04-18 07:47:52.331217,100
167,,42,1,1,1,1,base,refund,f,2024-04-18 07:47:52.331217,2024-04-18 07:47:52.331217,100
168,69,42,1,1,1,1,tax,refund,t,2024-04-18 07:47:52.331217,2024-04-18 07:47:52.331217,100
169,,43,1,1,1,1,base,invoice,f,2024-04-18 07:47:52.331217,2024-04-18 07:47:52.331217,100
170,69,43,1,1,1,1,tax,invoice,t,2024-04-18 07:47:52.331217,2024-04-18 07:47:52.331217,100
171,,43,1,1,1,1,base,refund,f,2024-04-18 07:47:52.331217,2024-04-18 07:47:52.331217,100
172,69,43,1,1,1,1,tax,refund,t,2024-04-18 07:47:52.331217,2024-04-18 07:47:52.331217,100
173,,44,1,1,1,1,base,invoice,f,2024-04-18 07:47:52.331217,2024-04-18 07:47:52.331217,100
174,69,44,1,1,1,1,tax,invoice,t,2024-04-18 07:47:52.331217,2024-04-18 07:47:52.331217,100
175,,44,1,1,1,1,base,refund,f,2024-04-18 07:47:52.331217,2024-04-18 07:47:52.331217,100
176,69,44,1,1,1,1,tax,refund,t,2024-04-18 07:47:52.331217,2024-04-18 07:47:52.331217,100
177,,45,1,1,1,1,base,invoice,f,2024-04-18 07:47:52.331217,2024-04-18 07:47:52.331217,100
178,69,45,1,1,1,1,tax,invoice,t,2024-04-18 07:47:52.331217,2024-04-18 07:47:52.331217,100
179,,45,1,1,1,1,base,refund,f,2024-04-18 07:47:52.331217,2024-04-18 07:47:52.331217,100
180,69,45,1,1,1,1,tax,refund,t,2024-04-18 07:47:52.331217,2024-04-18 07:47:52.331217,100
181,,46,1,1,1,1,base,invoice,f,2024-04-18 07:47:52.331217,2024-04-18 07:47:52.331217,100
182,69,46,1,1,1,1,tax,invoice,t,2024-04-18 07:47:52.331217,2024-04-18 07:47:52.331217,100
183,,46,1,1,1,1,base,refund,f,2024-04-18 07:47:52.331217,2024-04-18 07:47:52.331217,100
184,69,46,1,1,1,1,tax,refund,t,2024-04-18 07:47:52.331217,2024-04-18 07:47:52.331217,100
185,,47,1,1,1,1,base,invoice,f,2024-04-18 07:47:52.331217,2024-04-18 07:47:52.331217,100
186,69,47,1,1,1,1,tax,invoice,t,2024-04-18 07:47:52.331217,2024-04-18 07:47:52.331217,100
187,,47,1,1,1,1,base,refund,f,2024-04-18 07:47:52.331217,2024-04-18 07:47:52.331217,100
188,69,47,1,1,1,1,tax,refund,t,2024-04-18 07:47:52.331217,2024-04-18 07:47:52.331217,100
189,,48,1,1,1,1,base,invoice,f,2024-04-18 07:47:52.331217,2024-04-18 07:47:52.331217,100
190,69,48,1,1,1,1,tax,invoice,t,2024-04-18 07:47:52.331217,2024-04-18 07:47:52.331217,100
191,,48,1,1,1,1,base,refund,f,2024-04-18 07:47:52.331217,2024-04-18 07:47:52.331217,100
192,69,48,1,1,1,1,tax,refund,t,2024-04-18 07:47:52.331217,2024-04-18 07:47:52.331217,100
193,,49,1,1,1,1,base,invoice,f,2024-04-18 07:47:52.331217,2024-04-18 07:47:52.331217,100
194,69,49,1,1,1,1,tax,invoice,t,2024-04-18 07:47:52.331217,2024-04-18 07:47:52.331217,100
195,,49,1,1,1,1,base,refund,f,2024-04-18 07:47:52.331217,2024-04-18 07:47:52.331217,100
196,69,49,1,1,1,1,tax,refund,t,2024-04-18 07:47:52.331217,2024-04-18 07:47:52.331217,100
197,,50,1,1,1,1,base,invoice,f,2024-04-18 07:47:52.331217,2024-04-18 07:47:52.331217,100
198,69,50,1,1,1,1,tax,invoice,t,2024-04-18 07:47:52.331217,2024-04-18 07:47:52.331217,100
199,,50,1,1,1,1,base,refund,f,2024-04-18 07:47:52.331217,2024-04-18 07:47:52.331217,100
200,69,50,1,1,1,1,tax,refund,t,2024-04-18 07:47:52.331217,2024-04-18 07:47:52.331217,100
201,,51,1,1,1,1,base,invoice,f,2024-04-18 07:47:52.331217,2024-04-18 07:47:52.331217,100
202,69,51,1,1,1,1,tax,invoice,t,2024-04-18 07:47:52.331217,2024-04-18 07:47:52.331217,100
203,,51,1,1,1,1,base,refund,f,2024-04-18 07:47:52.331217,2024-04-18 07:47:52.331217,100
204,69,51,1,1,1,1,tax,refund,t,2024-04-18 07:47:52.331217,2024-04-18 07:47:52.331217,100
205,,52,1,1,1,1,base,invoice,f,2024-04-18 07:47:52.331217,2024-04-18 07:47:52.331217,100
206,69,52,1,1,1,1,tax,invoice,t,2024-04-18 07:47:52.331217,2024-04-18 07:47:52.331217,100
207,,52,1,1,1,1,base,refund,f,2024-04-18 07:47:52.331217,2024-04-18 07:47:52.331217,100
208,69,52,1,1,1,1,tax,refund,t,2024-04-18 07:47:52.331217,2024-04-18 07:47:52.331217,100
209,,53,1,1,1,1,base,invoice,f,2024-04-18 07:47:52.331217,2024-04-18 07:47:52.331217,100
210,69,53,1,1,1,1,tax,invoice,t,2024-04-18 07:47:52.331217,2024-04-18 07:47:52.331217,100
211,,53,1,1,1,1,base,refund,f,2024-04-18 07:47:52.331217,2024-04-18 07:47:52.331217,100
212,69,53,1,1,1,1,tax,refund,t,2024-04-18 07:47:52.331217,2024-04-18 07:47:52.331217,100
213,,54,1,1,1,1,base,invoice,f,2024-04-18 07:47:52.331217,2024-04-18 07:47:52.331217,100
214,69,54,1,1,1,1,tax,invoice,t,2024-04-18 07:47:52.331217,2024-04-18 07:47:52.331217,100
215,,54,1,1,1,1,base,refund,f,2024-04-18 07:47:52.331217,2024-04-18 07:47:52.331217,100
216,69,54,1,1,1,1,tax,refund,t,2024-04-18 07:47:52.331217,2024-04-18 07:47:52.331217,100
217,,55,1,1,1,1,base,invoice,f,2024-04-18 07:47:52.331217,2024-04-18 07:47:52.331217,100
218,69,55,1,1,1,1,tax,invoice,t,2024-04-18 07:47:52.331217,2024-04-18 07:47:52.331217,100
219,,55,1,1,1,1,base,refund,f,2024-04-18 07:47:52.331217,2024-04-18 07:47:52.331217,100
220,69,55,1,1,1,1,tax,refund,t,2024-04-18 07:47:52.331217,2024-04-18 07:47:52.331217,100
221,,56,1,1,1,1,base,invoice,f,2024-04-18 07:47:52.331217,2024-04-18 07:47:52.331217,100
222,69,56,1,1,1,1,tax,invoice,t,2024-04-18 07:47:52.331217,2024-04-18 07:47:52.331217,100
223,,56,1,1,1,1,base,refund,f,2024-04-18 07:47:52.331217,2024-04-18 07:47:52.331217,100
224,69,56,1,1,1,1,tax,refund,t,2024-04-18 07:47:52.331217,2024-04-18 07:47:52.331217,100
225,,57,1,1,1,1,base,invoice,f,2024-04-18 07:47:52.331217,2024-04-18 07:47:52.331217,100
226,69,57,1,1,1,1,tax,invoice,t,2024-04-18 07:47:52.331217,2024-04-18 07:47:52.331217,100
227,,57,1,1,1,1,base,refund,f,2024-04-18 07:47:52.331217,2024-04-18 07:47:52.331217,100
228,69,57,1,1,1,1,tax,refund,t,2024-04-18 07:47:52.331217,2024-04-18 07:47:52.331217,100
229,,58,1,1,1,1,base,invoice,f,2024-04-18 07:47:52.331217,2024-04-18 07:47:52.331217,100
230,69,58,1,1,1,1,tax,invoice,t,2024-04-18 07:47:52.331217,2024-04-18 07:47:52.331217,100
231,,58,1,1,1,1,base,refund,f,2024-04-18 07:47:52.331217,2024-04-18 07:47:52.331217,100
232,69,58,1,1,1,1,tax,refund,t,2024-04-18 07:47:52.331217,2024-04-18 07:47:52.331217,100
233,,59,1,1,1,1,base,invoice,f,2024-04-18 07:47:52.331217,2024-04-18 07:47:52.331217,100
234,69,59,1,1,1,1,tax,invoice,t,2024-04-18 07:47:52.331217,2024-04-18 07:47:52.331217,100
235,,59,1,1,1,1,base,refund,f,2024-04-18 07:47:52.331217,2024-04-18 07:47:52.331217,100
236,69,59,1,1,1,1,tax,refund,t,2024-04-18 07:47:52.331217,2024-04-18 07:47:52.331217,100
237,,60,1,1,1,1,base,invoice,f,2024-04-18 07:47:52.331217,2024-04-18 07:47:52.331217,100
238,69,60,1,1,1,1,tax,invoice,t,2024-04-18 07:47:52.331217,2024-04-18 07:47:52.331217,100
239,,60,1,1,1,1,base,refund,f,2024-04-18 07:47:52.331217,2024-04-18 07:47:52.331217,100
240,69,60,1,1,1,1,tax,refund,t,2024-04-18 07:47:52.331217,2024-04-18 07:47:52.331217,100
241,,61,1,1,1,1,base,invoice,f,2024-04-18 07:47:52.331217,2024-04-18 07:47:52.331217,100
242,69,61,1,1,1,1,tax,invoice,t,2024-04-18 07:47:52.331217,2024-04-18 07:47:52.331217,100
243,,61,1,1,1,1,base,refund,f,2024-04-18 07:47:52.331217,2024-04-18 07:47:52.331217,100
244,69,61,1,1,1,1,tax,refund,t,2024-04-18 07:47:52.331217,2024-04-18 07:47:52.331217,100
245,,62,1,1,1,1,base,invoice,f,2024-04-18 07:47:52.331217,2024-04-18 07:47:52.331217,100
246,69,62,1,1,1,1,tax,invoice,t,2024-04-18 07:47:52.331217,2024-04-18 07:47:52.331217,100
247,,62,1,1,1,1,base,refund,f,2024-04-18 07:47:52.331217,2024-04-18 07:47:52.331217,100
248,69,62,1,1,1,1,tax,refund,t,2024-04-18 07:47:52.331217,2024-04-18 07:47:52.331217,100
249,,63,1,1,1,1,base,invoice,f,2024-04-18 07:47:52.331217,2024-04-18 07:47:52.331217,100
250,69,63,1,1,1,1,tax,invoice,t,2024-04-18 07:47:52.331217,2024-04-18 07:47:52.331217,100
251,,63,1,1,1,1,base,refund,f,2024-04-18 07:47:52.331217,2024-04-18 07:47:52.331217,100
252,69,63,1,1,1,1,tax,refund,t,2024-04-18 07:47:52.331217,2024-04-18 07:47:52.331217,100
253,,64,1,1,1,1,base,invoice,f,2024-04-18 07:47:52.331217,2024-04-18 07:47:52.331217,100
254,69,64,1,1,1,1,tax,invoice,t,2024-04-18 07:47:52.331217,2024-04-18 07:47:52.331217,100
255,,64,1,1,1,1,base,refund,f,2024-04-18 07:47:52.331217,2024-04-18 07:47:52.331217,100
256,69,64,1,1,1,1,tax,refund,t,2024-04-18 07:47:52.331217,2024-04-18 07:47:52.331217,100
257,,65,1,1,1,1,base,invoice,f,2024-04-18 07:47:52.331217,2024-04-18 07:47:52.331217,100
258,69,65,1,1,1,1,tax,invoice,t,2024-04-18 07:47:52.331217,2024-04-18 07:47:52.331217,100
259,,65,1,1,1,1,base,refund,f,2024-04-18 07:47:52.331217,2024-04-18 07:47:52.331217,100
260,69,65,1,1,1,1,tax,refund,t,2024-04-18 07:47:52.331217,2024-04-18 07:47:52.331217,100
261,,66,1,1,1,1,base,invoice,f,2024-04-18 07:47:52.331217,2024-04-18 07:47:52.331217,100
262,69,66,1,1,1,1,tax,invoice,t,2024-04-18 07:47:52.331217,2024-04-18 07:47:52.331217,100
263,,66,1,1,1,1,base,refund,f,2024-04-18 07:47:52.331217,2024-04-18 07:47:52.331217,100
264,69,66,1,1,1,1,tax,refund,t,2024-04-18 07:47:52.331217,2024-04-18 07:47:52.331217,100
265,,67,1,1,1,1,base,invoice,f,2024-04-18 07:47:52.331217,2024-04-18 07:47:52.331217,100
266,69,67,1,1,1,1,tax,invoice,t,2024-04-18 07:47:52.331217,2024-04-18 07:47:52.331217,100
267,,67,1,1,1,1,base,refund,f,2024-04-18 07:47:52.331217,2024-04-18 07:47:52.331217,100
268,69,67,1,1,1,1,tax,refund,t,2024-04-18 07:47:52.331217,2024-04-18 07:47:52.331217,100
269,,68,1,1,1,1,base,invoice,f,2024-04-18 07:47:52.331217,2024-04-18 07:47:52.331217,100
270,69,68,1,1,1,1,tax,invoice,t,2024-04-18 07:47:52.331217,2024-04-18 07:47:52.331217,100
271,,68,1,1,1,1,base,refund,f,2024-04-18 07:47:52.331217,2024-04-18 07:47:52.331217,100
272,69,68,1,1,1,1,tax,refund,t,2024-04-18 07:47:52.331217,2024-04-18 07:47:52.331217,100
273,,69,1,1,1,1,base,invoice,f,2024-04-18 07:47:52.331217,2024-04-18 07:47:52.331217,100
274,69,69,1,1,1,1,tax,invoice,t,2024-04-18 07:47:52.331217,2024-04-18 07:47:52.331217,100
275,,69,1,1,1,1,base,refund,f,2024-04-18 07:47:52.331217,2024-04-18 07:47:52.331217,100
276,69,69,1,1,1,1,tax,refund,t,2024-04-18 07:47:52.331217,2024-04-18 07:47:52.331217,100
277,,70,1,1,1,1,base,invoice,f,2024-04-18 07:47:52.331217,2024-04-18 07:47:52.331217,100
278,69,70,1,1,1,1,tax,invoice,t,2024-04-18 07:47:52.331217,2024-04-18 07:47:52.331217,100
279,,70,1,1,1,1,base,refund,f,2024-04-18 07:47:52.331217,2024-04-18 07:47:52.331217,100
280,69,70,1,1,1,1,tax,refund,t,2024-04-18 07:47:52.331217,2024-04-18 07:47:52.331217,100
281,,71,1,1,1,1,base,invoice,f,2024-04-18 07:47:52.331217,2024-04-18 07:47:52.331217,100
282,69,71,1,1,1,1,tax,invoice,t,2024-04-18 07:47:52.331217,2024-04-18 07:47:52.331217,100
283,,71,1,1,1,1,base,refund,f,2024-04-18 07:47:52.331217,2024-04-18 07:47:52.331217,100
284,69,71,1,1,1,1,tax,refund,t,2024-04-18 07:47:52.331217,2024-04-18 07:47:52.331217,100
285,,72,1,1,1,1,base,invoice,f,2024-04-18 07:47:52.331217,2024-04-18 07:47:52.331217,100
286,69,72,1,1,1,1,tax,invoice,t,2024-04-18 07:47:52.331217,2024-04-18 07:47:52.331217,100
287,,72,1,1,1,1,base,refund,f,2024-04-18 07:47:52.331217,2024-04-18 07:47:52.331217,100
288,69,72,1,1,1,1,tax,refund,t,2024-04-18 07:47:52.331217,2024-04-18 07:47:52.331217,100
289,,73,1,1,1,1,base,invoice,f,2024-04-18 07:47:52.331217,2024-04-18 07:47:52.331217,100
290,69,73,1,1,1,1,tax,invoice,t,2024-04-18 07:47:52.331217,2024-04-18 07:47:52.331217,100
291,,73,1,1,1,1,base,refund,f,2024-04-18 07:47:52.331217,2024-04-18 07:47:52.331217,100
292,69,73,1,1,1,1,tax,refund,t,2024-04-18 07:47:52.331217,2024-04-18 07:47:52.331217,100
293,,74,1,1,1,1,base,invoice,f,2024-04-18 07:47:52.331217,2024-04-18 07:47:52.331217,100
294,69,74,1,1,1,1,tax,invoice,t,2024-04-18 07:47:52.331217,2024-04-18 07:47:52.331217,100
295,,74,1,1,1,1,base,refund,f,2024-04-18 07:47:52.331217,2024-04-18 07:47:52.331217,100
296,69,74,1,1,1,1,tax,refund,t,2024-04-18 07:47:52.331217,2024-04-18 07:47:52.331217,100
297,,75,1,1,1,1,base,invoice,f,2024-04-18 07:47:52.331217,2024-04-18 07:47:52.331217,100
298,69,75,1,1,1,1,tax,invoice,t,2024-04-18 07:47:52.331217,2024-04-18 07:47:52.331217,100
299,,75,1,1,1,1,base,refund,f,2024-04-18 07:47:52.331217,2024-04-18 07:47:52.331217,100
300,69,75,1,1,1,1,tax,refund,t,2024-04-18 07:47:52.331217,2024-04-18 07:47:52.331217,100
301,,76,1,1,1,1,base,invoice,f,2024-04-18 07:47:52.331217,2024-04-18 07:47:52.331217,100
302,69,76,1,1,1,1,tax,invoice,t,2024-04-18 07:47:52.331217,2024-04-18 07:47:52.331217,100
303,,76,1,1,1,1,base,refund,f,2024-04-18 07:47:52.331217,2024-04-18 07:47:52.331217,100
304,69,76,1,1,1,1,tax,refund,t,2024-04-18 07:47:52.331217,2024-04-18 07:47:52.331217,100
305,,77,1,1,1,1,base,invoice,f,2024-04-18 07:47:52.331217,2024-04-18 07:47:52.331217,100
306,69,77,1,1,1,1,tax,invoice,t,2024-04-18 07:47:52.331217,2024-04-18 07:47:52.331217,100
307,,77,1,1,1,1,base,refund,f,2024-04-18 07:47:52.331217,2024-04-18 07:47:52.331217,100
308,69,77,1,1,1,1,tax,refund,t,2024-04-18 07:47:52.331217,2024-04-18 07:47:52.331217,100
309,,78,1,1,1,1,base,invoice,f,2024-04-18 07:47:52.331217,2024-04-18 07:47:52.331217,100
310,69,78,1,1,1,1,tax,invoice,t,2024-04-18 07:47:52.331217,2024-04-18 07:47:52.331217,100
311,,78,1,1,1,1,base,refund,f,2024-04-18 07:47:52.331217,2024-04-18 07:47:52.331217,100
312,69,78,1,1,1,1,tax,refund,t,2024-04-18 07:47:52.331217,2024-04-18 07:47:52.331217,100
313,,79,1,1,1,1,base,invoice,f,2024-04-18 07:47:52.331217,2024-04-18 07:47:52.331217,100
314,69,79,1,1,1,1,tax,invoice,t,2024-04-18 07:47:52.331217,2024-04-18 07:47:52.331217,100
315,,79,1,1,1,1,base,refund,f,2024-04-18 07:47:52.331217,2024-04-18 07:47:52.331217,100
316,69,79,1,1,1,1,tax,refund,t,2024-04-18 07:47:52.331217,2024-04-18 07:47:52.331217,100
317,,80,1,1,1,1,base,invoice,f,2024-04-18 07:47:52.331217,2024-04-18 07:47:52.331217,100
318,69,80,1,1,1,1,tax,invoice,t,2024-04-18 07:47:52.331217,2024-04-18 07:47:52.331217,100
319,,80,1,1,1,1,base,refund,f,2024-04-18 07:47:52.331217,2024-04-18 07:47:52.331217,100
320,69,80,1,1,1,1,tax,refund,t,2024-04-18 07:47:52.331217,2024-04-18 07:47:52.331217,100
321,,81,1,1,1,1,base,invoice,f,2024-04-18 07:47:52.331217,2024-04-18 07:47:52.331217,100
322,69,81,1,1,1,1,tax,invoice,t,2024-04-18 07:47:52.331217,2024-04-18 07:47:52.331217,100
323,,81,1,1,1,1,base,refund,f,2024-04-18 07:47:52.331217,2024-04-18 07:47:52.331217,100
324,69,81,1,1,1,1,tax,refund,t,2024-04-18 07:47:52.331217,2024-04-18 07:47:52.331217,100
325,,82,1,1,1,1,base,invoice,f,2024-04-18 07:47:52.331217,2024-04-18 07:47:52.331217,100
326,69,82,1,1,1,1,tax,invoice,t,2024-04-18 07:47:52.331217,2024-04-18 07:47:52.331217,100
327,,82,1,1,1,1,base,refund,f,2024-04-18 07:47:52.331217,2024-04-18 07:47:52.331217,100
328,69,82,1,1,1,1,tax,refund,t,2024-04-18 07:47:52.331217,2024-04-18 07:47:52.331217,100
329,,83,1,1,1,1,base,invoice,f,2024-04-18 07:47:52.331217,2024-04-18 07:47:52.331217,100
330,69,83,1,1,1,1,tax,invoice,t,2024-04-18 07:47:52.331217,2024-04-18 07:47:52.331217,100
331,,83,1,1,1,1,base,refund,f,2024-04-18 07:47:52.331217,2024-04-18 07:47:52.331217,100
332,69,83,1,1,1,1,tax,refund,t,2024-04-18 07:47:52.331217,2024-04-18 07:47:52.331217,100
333,,84,1,1,1,1,base,invoice,f,2024-04-18 07:47:52.331217,2024-04-18 07:47:52.331217,100
334,69,84,1,1,1,1,tax,invoice,t,2024-04-18 07:47:52.331217,2024-04-18 07:47:52.331217,100
335,,84,1,1,1,1,base,refund,f,2024-04-18 07:47:52.331217,2024-04-18 07:47:52.331217,100
336,69,84,1,1,1,1,tax,refund,t,2024-04-18 07:47:52.331217,2024-04-18 07:47:52.331217,100
337,,85,1,1,1,1,base,invoice,f,2024-04-18 07:47:52.331217,2024-04-18 07:47:52.331217,100
338,69,85,1,1,1,1,tax,invoice,t,2024-04-18 07:47:52.331217,2024-04-18 07:47:52.331217,100
339,,85,1,1,1,1,base,refund,f,2024-04-18 07:47:52.331217,2024-04-18 07:47:52.331217,100
340,69,85,1,1,1,1,tax,refund,t,2024-04-18 07:47:52.331217,2024-04-18 07:47:52.331217,100
341,,86,1,1,1,1,base,invoice,f,2024-04-18 07:47:52.331217,2024-04-18 07:47:52.331217,100
342,69,86,1,1,1,1,tax,invoice,t,2024-04-18 07:47:52.331217,2024-04-18 07:47:52.331217,100
343,,86,1,1,1,1,base,refund,f,2024-04-18 07:47:52.331217,2024-04-18 07:47:52.331217,100
344,69,86,1,1,1,1,tax,refund,t,2024-04-18 07:47:52.331217,2024-04-18 07:47:52.331217,100
345,,87,1,1,1,1,base,invoice,f,2024-04-18 07:47:52.331217,2024-04-18 07:47:52.331217,100
346,69,87,1,1,1,1,tax,invoice,t,2024-04-18 07:47:52.331217,2024-04-18 07:47:52.331217,100
347,,87,1,1,1,1,base,refund,f,2024-04-18 07:47:52.331217,2024-04-18 07:47:52.331217,100
348,69,87,1,1,1,1,tax,refund,t,2024-04-18 07:47:52.331217,2024-04-18 07:47:52.331217,100
349,,88,1,1,1,1,base,invoice,f,2024-04-18 07:47:52.331217,2024-04-18 07:47:52.331217,100
350,69,88,1,1,1,1,tax,invoice,t,2024-04-18 07:47:52.331217,2024-04-18 07:47:52.331217,100
351,,88,1,1,1,1,base,refund,f,2024-04-18 07:47:52.331217,2024-04-18 07:47:52.331217,100
352,69,88,1,1,1,1,tax,refund,t,2024-04-18 07:47:52.331217,2024-04-18 07:47:52.331217,100
353,,89,1,1,1,1,base,invoice,f,2024-04-18 07:47:52.331217,2024-04-18 07:47:52.331217,100
354,73,89,1,1,1,1,tax,invoice,t,2024-04-18 07:47:52.331217,2024-04-18 07:47:52.331217,100
355,,89,1,1,1,1,base,refund,f,2024-04-18 07:47:52.331217,2024-04-18 07:47:52.331217,100
356,73,89,1,1,1,1,tax,refund,t,2024-04-18 07:47:52.331217,2024-04-18 07:47:52.331217,100
357,,90,1,1,1,1,base,invoice,f,2024-04-18 07:47:52.331217,2024-04-18 07:47:52.331217,100
358,73,90,1,1,1,1,tax,invoice,t,2024-04-18 07:47:52.331217,2024-04-18 07:47:52.331217,100
359,,90,1,1,1,1,base,refund,f,2024-04-18 07:47:52.331217,2024-04-18 07:47:52.331217,100
360,73,90,1,1,1,1,tax,refund,t,2024-04-18 07:47:52.331217,2024-04-18 07:47:52.331217,100
361,,92,1,1,1,1,base,invoice,f,2024-04-18 07:47:52.331217,2024-04-18 07:47:52.331217,100
362,73,92,1,1,1,1,tax,invoice,t,2024-04-18 07:47:52.331217,2024-04-18 07:47:52.331217,100
363,,92,1,1,1,1,base,refund,f,2024-04-18 07:47:52.331217,2024-04-18 07:47:52.331217,100
364,73,92,1,1,1,1,tax,refund,t,2024-04-18 07:47:52.331217,2024-04-18 07:47:52.331217,100
365,,93,1,1,1,1,base,invoice,f,2024-04-18 07:47:52.331217,2024-04-18 07:47:52.331217,100
366,,93,1,1,1,1,tax,invoice,f,2024-04-18 07:47:52.331217,2024-04-18 07:47:52.331217,100
367,,93,1,1,1,1,base,refund,f,2024-04-18 07:47:52.331217,2024-04-18 07:47:52.331217,100
368,,93,1,1,1,1,tax,refund,f,2024-04-18 07:47:52.331217,2024-04-18 07:47:52.331217,100
369,,94,1,1,1,1,base,invoice,f,2024-04-18 07:47:52.331217,2024-04-18 07:47:52.331217,100
370,,94,1,1,1,1,tax,invoice,f,2024-04-18 07:47:52.331217,2024-04-18 07:47:52.331217,100
371,,94,1,1,1,1,base,refund,f,2024-04-18 07:47:52.331217,2024-04-18 07:47:52.331217,100
372,,94,1,1,1,1,tax,refund,f,2024-04-18 07:47:52.331217,2024-04-18 07:47:52.331217,100
373,,95,1,1,1,1,base,invoice,f,2024-04-18 07:47:52.331217,2024-04-18 07:47:52.331217,100
374,,95,1,1,1,1,tax,invoice,f,2024-04-18 07:47:52.331217,2024-04-18 07:47:52.331217,100
375,,95,1,1,1,1,base,refund,f,2024-04-18 07:47:52.331217,2024-04-18 07:47:52.331217,100
376,,95,1,1,1,1,tax,refund,f,2024-04-18 07:47:52.331217,2024-04-18 07:47:52.331217,100
377,,96,1,1,1,1,base,invoice,f,2024-04-18 07:47:52.331217,2024-04-18 07:47:52.331217,100
378,,96,1,1,1,1,tax,invoice,f,2024-04-18 07:47:52.331217,2024-04-18 07:47:52.331217,100
379,,96,1,1,1,1,base,refund,f,2024-04-18 07:47:52.331217,2024-04-18 07:47:52.331217,100
380,,96,1,1,1,1,tax,refund,f,2024-04-18 07:47:52.331217,2024-04-18 07:47:52.331217,100
381,,97,1,1,1,1,base,invoice,f,2024-04-18 07:47:52.331217,2024-04-18 07:47:52.331217,100
382,29,97,1,1,1,1,tax,invoice,t,2024-04-18 07:47:52.331217,2024-04-18 07:47:52.331217,100
383,,97,1,1,1,1,base,refund,f,2024-04-18 07:47:52.331217,2024-04-18 07:47:52.331217,100
384,29,97,1,1,1,1,tax,refund,t,2024-04-18 07:47:52.331217,2024-04-18 07:47:52.331217,100
385,,98,1,1,1,1,base,invoice,f,2024-04-18 07:47:52.331217,2024-04-18 07:47:52.331217,100
386,29,98,1,1,1,1,tax,invoice,t,2024-04-18 07:47:52.331217,2024-04-18 07:47:52.331217,100
387,,98,1,1,1,1,base,refund,f,2024-04-18 07:47:52.331217,2024-04-18 07:47:52.331217,100
388,29,98,1,1,1,1,tax,refund,t,2024-04-18 07:47:52.331217,2024-04-18 07:47:52.331217,100
389,,99,1,1,1,1,base,invoice,f,2024-04-18 07:47:52.331217,2024-04-18 07:47:52.331217,100
390,29,99,1,1,1,1,tax,invoice,t,2024-04-18 07:47:52.331217,2024-04-18 07:47:52.331217,100
391,,99,1,1,1,1,base,refund,f,2024-04-18 07:47:52.331217,2024-04-18 07:47:52.331217,100
392,29,99,1,1,1,1,tax,refund,t,2024-04-18 07:47:52.331217,2024-04-18 07:47:52.331217,100
393,,100,1,1,1,1,base,invoice,f,2024-04-18 07:47:52.331217,2024-04-18 07:47:52.331217,100
394,29,100,1,1,1,1,tax,invoice,t,2024-04-18 07:47:52.331217,2024-04-18 07:47:52.331217,100
395,,100,1,1,1,1,base,refund,f,2024-04-18 07:47:52.331217,2024-04-18 07:47:52.331217,100
396,29,100,1,1,1,1,tax,refund,t,2024-04-18 07:47:52.331217,2024-04-18 07:47:52.331217,100
397,,101,1,1,1,1,base,invoice,f,2024-04-18 07:47:52.331217,2024-04-18 07:47:52.331217,100
398,29,101,1,1,1,1,tax,invoice,t,2024-04-18 07:47:52.331217,2024-04-18 07:47:52.331217,100
399,,101,1,1,1,1,base,refund,f,2024-04-18 07:47:52.331217,2024-04-18 07:47:52.331217,100
400,29,101,1,1,1,1,tax,refund,t,2024-04-18 07:47:52.331217,2024-04-18 07:47:52.331217,100
401,,102,1,1,1,1,base,invoice,f,2024-04-18 07:47:52.331217,2024-04-18 07:47:52.331217,100
402,29,102,1,1,1,1,tax,invoice,t,2024-04-18 07:47:52.331217,2024-04-18 07:47:52.331217,100
403,,102,1,1,1,1,base,refund,f,2024-04-18 07:47:52.331217,2024-04-18 07:47:52.331217,100
404,29,102,1,1,1,1,tax,refund,t,2024-04-18 07:47:52.331217,2024-04-18 07:47:52.331217,100
405,,103,1,1,1,1,base,invoice,f,2024-04-18 07:47:52.331217,2024-04-18 07:47:52.331217,100
406,27,103,1,1,1,1,tax,invoice,t,2024-04-18 07:47:52.331217,2024-04-18 07:47:52.331217,100
407,,103,1,1,1,1,base,refund,f,2024-04-18 07:47:52.331217,2024-04-18 07:47:52.331217,100
409,,104,1,1,1,1,base,invoice,f,2024-04-18 07:47:52.331217,2024-04-18 07:47:52.331217,100
410,28,104,1,1,1,1,tax,invoice,t,2024-04-18 07:47:52.331217,2024-04-18 07:47:52.331217,100
411,,104,1,1,1,1,base,refund,f,2024-04-18 07:47:52.331217,2024-04-18 07:47:52.331217,100
412,28,104,1,1,1,1,tax,refund,t,2024-04-18 07:47:52.331217,2024-04-18 07:47:52.331217,100
413,,106,1,1,1,1,base,invoice,f,2024-04-18 07:47:52.331217,2024-04-18 07:47:52.331217,100
414,27,106,1,1,1,1,tax,invoice,t,2024-04-18 07:47:52.331217,2024-04-18 07:47:52.331217,100
415,,106,1,1,1,1,base,refund,f,2024-04-18 07:47:52.331217,2024-04-18 07:47:52.331217,100
416,27,106,1,1,1,1,tax,refund,t,2024-04-18 07:47:52.331217,2024-04-18 07:47:52.331217,100
417,,107,1,1,1,1,base,invoice,f,2024-04-18 07:47:52.331217,2024-04-18 07:47:52.331217,100
418,28,107,1,1,1,1,tax,invoice,t,2024-04-18 07:47:52.331217,2024-04-18 07:47:52.331217,100
419,,107,1,1,1,1,base,refund,f,2024-04-18 07:47:52.331217,2024-04-18 07:47:52.331217,100
420,28,107,1,1,1,1,tax,refund,t,2024-04-18 07:47:52.331217,2024-04-18 07:47:52.331217,100
421,,109,1,1,1,1,base,invoice,f,2024-04-18 07:47:52.331217,2024-04-18 07:47:52.331217,100
422,27,109,1,1,1,1,tax,invoice,t,2024-04-18 07:47:52.331217,2024-04-18 07:47:52.331217,100
423,,109,1,1,1,1,base,refund,f,2024-04-18 07:47:52.331217,2024-04-18 07:47:52.331217,100
424,27,109,1,1,1,1,tax,refund,t,2024-04-18 07:47:52.331217,2024-04-18 07:47:52.331217,100
425,,110,1,1,1,1,base,invoice,f,2024-04-18 07:47:52.331217,2024-04-18 07:47:52.331217,100
426,28,110,1,1,1,1,tax,invoice,t,2024-04-18 07:47:52.331217,2024-04-18 07:47:52.331217,100
427,,110,1,1,1,1,base,refund,f,2024-04-18 07:47:52.331217,2024-04-18 07:47:52.331217,100
428,28,110,1,1,1,1,tax,refund,t,2024-04-18 07:47:52.331217,2024-04-18 07:47:52.331217,100
429,,112,1,1,1,1,base,invoice,f,2024-04-18 07:47:52.331217,2024-04-18 07:47:52.331217,100
430,27,112,1,1,1,1,tax,invoice,t,2024-04-18 07:47:52.331217,2024-04-18 07:47:52.331217,100
431,,112,1,1,1,1,base,refund,f,2024-04-18 07:47:52.331217,2024-04-18 07:47:52.331217,100
432,27,112,1,1,1,1,tax,refund,t,2024-04-18 07:47:52.331217,2024-04-18 07:47:52.331217,100
433,,113,1,1,1,1,base,invoice,f,2024-04-18 07:47:52.331217,2024-04-18 07:47:52.331217,100
434,28,113,1,1,1,1,tax,invoice,t,2024-04-18 07:47:52.331217,2024-04-18 07:47:52.331217,100
435,,113,1,1,1,1,base,refund,f,2024-04-18 07:47:52.331217,2024-04-18 07:47:52.331217,100
436,28,113,1,1,1,1,tax,refund,t,2024-04-18 07:47:52.331217,2024-04-18 07:47:52.331217,100
437,,115,1,1,1,1,base,invoice,f,2024-04-18 07:47:52.331217,2024-04-18 07:47:52.331217,100
438,27,115,1,1,1,1,tax,invoice,t,2024-04-18 07:47:52.331217,2024-04-18 07:47:52.331217,100
439,,115,1,1,1,1,base,refund,f,2024-04-18 07:47:52.331217,2024-04-18 07:47:52.331217,100
440,27,115,1,1,1,1,tax,refund,t,2024-04-18 07:47:52.331217,2024-04-18 07:47:52.331217,100
441,,116,1,1,1,1,base,invoice,f,2024-04-18 07:47:52.331217,2024-04-18 07:47:52.331217,100
442,28,116,1,1,1,1,tax,invoice,t,2024-04-18 07:47:52.331217,2024-04-18 07:47:52.331217,100
443,,116,1,1,1,1,base,refund,f,2024-04-18 07:47:52.331217,2024-04-18 07:47:52.331217,100
444,28,116,1,1,1,1,tax,refund,t,2024-04-18 07:47:52.331217,2024-04-18 07:47:52.331217,100
445,,118,1,1,1,1,base,invoice,f,2024-04-18 07:47:52.331217,2024-04-18 07:47:52.331217,100
446,27,118,1,1,1,1,tax,invoice,t,2024-04-18 07:47:52.331217,2024-04-18 07:47:52.331217,100
447,,118,1,1,1,1,base,refund,f,2024-04-18 07:47:52.331217,2024-04-18 07:47:52.331217,100
448,27,118,1,1,1,1,tax,refund,t,2024-04-18 07:47:52.331217,2024-04-18 07:47:52.331217,100
449,,119,1,1,1,1,base,invoice,f,2024-04-18 07:47:52.331217,2024-04-18 07:47:52.331217,100
450,28,119,1,1,1,1,tax,invoice,t,2024-04-18 07:47:52.331217,2024-04-18 07:47:52.331217,100
451,,119,1,1,1,1,base,refund,f,2024-04-18 07:47:52.331217,2024-04-18 07:47:52.331217,100
452,28,119,1,1,1,1,tax,refund,t,2024-04-18 07:47:52.331217,2024-04-18 07:47:52.331217,100
453,,121,1,1,1,1,base,invoice,f,2024-04-18 07:47:52.331217,2024-04-18 07:47:52.331217,100
454,71,121,1,1,1,1,tax,invoice,t,2024-04-18 07:47:52.331217,2024-04-18 07:47:52.331217,100
455,,121,1,1,1,1,base,refund,f,2024-04-18 07:47:52.331217,2024-04-18 07:47:52.331217,100
456,71,121,1,1,1,1,tax,refund,t,2024-04-18 07:47:52.331217,2024-04-18 07:47:52.331217,100
457,,122,1,1,1,1,base,invoice,f,2024-04-18 07:47:52.331217,2024-04-18 07:47:52.331217,100
458,71,122,1,1,1,1,tax,invoice,t,2024-04-18 07:47:52.331217,2024-04-18 07:47:52.331217,100
459,,122,1,1,1,1,base,refund,f,2024-04-18 07:47:52.331217,2024-04-18 07:47:52.331217,100
460,71,122,1,1,1,1,tax,refund,t,2024-04-18 07:47:52.331217,2024-04-18 07:47:52.331217,100
461,,124,1,1,1,1,base,invoice,f,2024-04-18 07:47:52.331217,2024-04-18 07:47:52.331217,100
462,71,124,1,1,1,1,tax,invoice,t,2024-04-18 07:47:52.331217,2024-04-18 07:47:52.331217,100
463,,124,1,1,1,1,base,refund,f,2024-04-18 07:47:52.331217,2024-04-18 07:47:52.331217,100
464,71,124,1,1,1,1,tax,refund,t,2024-04-18 07:47:52.331217,2024-04-18 07:47:52.331217,100
465,,125,1,1,1,1,base,invoice,f,2024-04-18 07:47:52.331217,2024-04-18 07:47:52.331217,100
466,,125,1,1,1,1,tax,invoice,f,2024-04-18 07:47:52.331217,2024-04-18 07:47:52.331217,100
467,,125,1,1,1,1,base,refund,f,2024-04-18 07:47:52.331217,2024-04-18 07:47:52.331217,100
468,,125,1,1,1,1,tax,refund,f,2024-04-18 07:47:52.331217,2024-04-18 07:47:52.331217,100
469,,126,1,1,1,1,base,invoice,f,2024-04-18 07:47:52.331217,2024-04-18 07:47:52.331217,100
470,,126,1,1,1,1,tax,invoice,f,2024-04-18 07:47:52.331217,2024-04-18 07:47:52.331217,100
471,,126,1,1,1,1,base,refund,f,2024-04-18 07:47:52.331217,2024-04-18 07:47:52.331217,100
472,,126,1,1,1,1,tax,refund,f,2024-04-18 07:47:52.331217,2024-04-18 07:47:52.331217,100
473,,127,1,1,1,1,base,invoice,f,2024-04-18 07:47:52.331217,2024-04-18 07:47:52.331217,100
474,,127,1,1,1,1,tax,invoice,f,2024-04-18 07:47:52.331217,2024-04-18 07:47:52.331217,100
475,,127,1,1,1,1,base,refund,f,2024-04-18 07:47:52.331217,2024-04-18 07:47:52.331217,100
476,,127,1,1,1,1,tax,refund,f,2024-04-18 07:47:52.331217,2024-04-18 07:47:52.331217,100
477,,128,1,1,1,1,base,invoice,f,2024-04-18 07:47:52.331217,2024-04-18 07:47:52.331217,100
478,6,128,1,1,1,1,tax,invoice,t,2024-04-18 07:47:52.331217,2024-04-18 07:47:52.331217,100
479,,128,1,1,1,1,base,refund,f,2024-04-18 07:47:52.331217,2024-04-18 07:47:52.331217,100
480,6,128,1,1,1,1,tax,refund,t,2024-04-18 07:47:52.331217,2024-04-18 07:47:52.331217,100
481,,129,1,1,1,1,base,invoice,f,2024-04-18 07:47:52.331217,2024-04-18 07:47:52.331217,100
482,6,129,1,1,1,1,tax,invoice,t,2024-04-18 07:47:52.331217,2024-04-18 07:47:52.331217,100
483,,129,1,1,1,1,base,refund,f,2024-04-18 07:47:52.331217,2024-04-18 07:47:52.331217,100
484,6,129,1,1,1,1,tax,refund,t,2024-04-18 07:47:52.331217,2024-04-18 07:47:52.331217,100
485,,130,1,1,1,1,base,invoice,f,2024-04-18 07:47:52.331217,2024-04-18 07:47:52.331217,100
486,6,130,1,1,1,1,tax,invoice,t,2024-04-18 07:47:52.331217,2024-04-18 07:47:52.331217,100
487,,130,1,1,1,1,base,refund,f,2024-04-18 07:47:52.331217,2024-04-18 07:47:52.331217,100
488,6,130,1,1,1,1,tax,refund,t,2024-04-18 07:47:52.331217,2024-04-18 07:47:52.331217,100
489,,131,1,1,1,1,base,invoice,f,2024-04-18 07:47:52.331217,2024-04-18 07:47:52.331217,100
490,6,131,1,1,1,1,tax,invoice,t,2024-04-18 07:47:52.331217,2024-04-18 07:47:52.331217,100
491,,131,1,1,1,1,base,refund,f,2024-04-18 07:47:52.331217,2024-04-18 07:47:52.331217,100
492,6,131,1,1,1,1,tax,refund,t,2024-04-18 07:47:52.331217,2024-04-18 07:47:52.331217,100
493,,132,1,1,1,1,base,invoice,f,2024-04-18 07:47:52.331217,2024-04-18 07:47:52.331217,100
494,6,132,1,1,1,1,tax,invoice,t,2024-04-18 07:47:52.331217,2024-04-18 07:47:52.331217,100
495,,132,1,1,1,1,base,refund,f,2024-04-18 07:47:52.331217,2024-04-18 07:47:52.331217,100
496,6,132,1,1,1,1,tax,refund,t,2024-04-18 07:47:52.331217,2024-04-18 07:47:52.331217,100
497,,133,1,1,1,1,base,invoice,f,2024-04-18 07:47:52.331217,2024-04-18 07:47:52.331217,100
498,6,133,1,1,1,1,tax,invoice,t,2024-04-18 07:47:52.331217,2024-04-18 07:47:52.331217,100
499,,133,1,1,1,1,base,refund,f,2024-04-18 07:47:52.331217,2024-04-18 07:47:52.331217,100
500,6,133,1,1,1,1,tax,refund,t,2024-04-18 07:47:52.331217,2024-04-18 07:47:52.331217,100
501,,134,1,1,1,1,base,invoice,f,2024-04-18 07:47:52.331217,2024-04-18 07:47:52.331217,100
502,4,134,1,1,1,1,tax,invoice,t,2024-04-18 07:47:52.331217,2024-04-18 07:47:52.331217,100
503,,134,1,1,1,1,base,refund,f,2024-04-18 07:47:52.331217,2024-04-18 07:47:52.331217,100
504,4,134,1,1,1,1,tax,refund,t,2024-04-18 07:47:52.331217,2024-04-18 07:47:52.331217,100
505,,135,1,1,1,1,base,invoice,f,2024-04-18 07:47:52.331217,2024-04-18 07:47:52.331217,100
506,5,135,1,1,1,1,tax,invoice,t,2024-04-18 07:47:52.331217,2024-04-18 07:47:52.331217,100
507,,135,1,1,1,1,base,refund,f,2024-04-18 07:47:52.331217,2024-04-18 07:47:52.331217,100
508,5,135,1,1,1,1,tax,refund,t,2024-04-18 07:47:52.331217,2024-04-18 07:47:52.331217,100
509,,137,1,1,1,1,base,invoice,f,2024-04-18 07:47:52.331217,2024-04-18 07:47:52.331217,100
510,4,137,1,1,1,1,tax,invoice,t,2024-04-18 07:47:52.331217,2024-04-18 07:47:52.331217,100
511,,137,1,1,1,1,base,refund,f,2024-04-18 07:47:52.331217,2024-04-18 07:47:52.331217,100
512,4,137,1,1,1,1,tax,refund,t,2024-04-18 07:47:52.331217,2024-04-18 07:47:52.331217,100
513,,138,1,1,1,1,base,invoice,f,2024-04-18 07:47:52.331217,2024-04-18 07:47:52.331217,100
514,5,138,1,1,1,1,tax,invoice,t,2024-04-18 07:47:52.331217,2024-04-18 07:47:52.331217,100
515,,138,1,1,1,1,base,refund,f,2024-04-18 07:47:52.331217,2024-04-18 07:47:52.331217,100
516,5,138,1,1,1,1,tax,refund,t,2024-04-18 07:47:52.331217,2024-04-18 07:47:52.331217,100
517,,140,1,1,1,1,base,invoice,f,2024-04-18 07:47:52.331217,2024-04-18 07:47:52.331217,100
518,4,140,1,1,1,1,tax,invoice,t,2024-04-18 07:47:52.331217,2024-04-18 07:47:52.331217,100
519,,140,1,1,1,1,base,refund,f,2024-04-18 07:47:52.331217,2024-04-18 07:47:52.331217,100
520,4,140,1,1,1,1,tax,refund,t,2024-04-18 07:47:52.331217,2024-04-18 07:47:52.331217,100
521,,141,1,1,1,1,base,invoice,f,2024-04-18 07:47:52.331217,2024-04-18 07:47:52.331217,100
522,5,141,1,1,1,1,tax,invoice,t,2024-04-18 07:47:52.331217,2024-04-18 07:47:52.331217,100
523,,141,1,1,1,1,base,refund,f,2024-04-18 07:47:52.331217,2024-04-18 07:47:52.331217,100
524,5,141,1,1,1,1,tax,refund,t,2024-04-18 07:47:52.331217,2024-04-18 07:47:52.331217,100
525,,143,1,1,1,1,base,invoice,f,2024-04-18 07:47:52.331217,2024-04-18 07:47:52.331217,100
526,4,143,1,1,1,1,tax,invoice,t,2024-04-18 07:47:52.331217,2024-04-18 07:47:52.331217,100
527,,143,1,1,1,1,base,refund,f,2024-04-18 07:47:52.331217,2024-04-18 07:47:52.331217,100
528,4,143,1,1,1,1,tax,refund,t,2024-04-18 07:47:52.331217,2024-04-18 07:47:52.331217,100
529,,144,1,1,1,1,base,invoice,f,2024-04-18 07:47:52.331217,2024-04-18 07:47:52.331217,100
530,5,144,1,1,1,1,tax,invoice,t,2024-04-18 07:47:52.331217,2024-04-18 07:47:52.331217,100
531,,144,1,1,1,1,base,refund,f,2024-04-18 07:47:52.331217,2024-04-18 07:47:52.331217,100
532,5,144,1,1,1,1,tax,refund,t,2024-04-18 07:47:52.331217,2024-04-18 07:47:52.331217,100
533,,146,1,1,1,1,base,invoice,f,2024-04-18 07:47:52.331217,2024-04-18 07:47:52.331217,100
534,4,146,1,1,1,1,tax,invoice,t,2024-04-18 07:47:52.331217,2024-04-18 07:47:52.331217,100
535,,146,1,1,1,1,base,refund,f,2024-04-18 07:47:52.331217,2024-04-18 07:47:52.331217,100
536,4,146,1,1,1,1,tax,refund,t,2024-04-18 07:47:52.331217,2024-04-18 07:47:52.331217,100
537,,147,1,1,1,1,base,invoice,f,2024-04-18 07:47:52.331217,2024-04-18 07:47:52.331217,100
538,5,147,1,1,1,1,tax,invoice,t,2024-04-18 07:47:52.331217,2024-04-18 07:47:52.331217,100
539,,147,1,1,1,1,base,refund,f,2024-04-18 07:47:52.331217,2024-04-18 07:47:52.331217,100
540,5,147,1,1,1,1,tax,refund,t,2024-04-18 07:47:52.331217,2024-04-18 07:47:52.331217,100
541,,149,1,1,1,1,base,invoice,f,2024-04-18 07:47:52.331217,2024-04-18 07:47:52.331217,100
542,4,149,1,1,1,1,tax,invoice,t,2024-04-18 07:47:52.331217,2024-04-18 07:47:52.331217,100
543,,149,1,1,1,1,base,refund,f,2024-04-18 07:47:52.331217,2024-04-18 07:47:52.331217,100
544,4,149,1,1,1,1,tax,refund,t,2024-04-18 07:47:52.331217,2024-04-18 07:47:52.331217,100
545,,150,1,1,1,1,base,invoice,f,2024-04-18 07:47:52.331217,2024-04-18 07:47:52.331217,100
546,5,150,1,1,1,1,tax,invoice,t,2024-04-18 07:47:52.331217,2024-04-18 07:47:52.331217,100
547,,150,1,1,1,1,base,refund,f,2024-04-18 07:47:52.331217,2024-04-18 07:47:52.331217,100
548,5,150,1,1,1,1,tax,refund,t,2024-04-18 07:47:52.331217,2024-04-18 07:47:52.331217,100
549,,152,1,1,1,1,base,invoice,f,2024-04-18 07:47:52.331217,2024-04-18 07:47:52.331217,100
550,7,152,1,1,1,1,tax,invoice,t,2024-04-18 07:47:52.331217,2024-04-18 07:47:52.331217,100
551,73,152,1,1,1,1,tax,invoice,t,2024-04-18 07:47:52.331217,2024-04-18 07:47:52.331217,-100
552,,152,1,1,1,1,base,refund,f,2024-04-18 07:47:52.331217,2024-04-18 07:47:52.331217,100
553,7,152,1,1,1,1,tax,refund,t,2024-04-18 07:47:52.331217,2024-04-18 07:47:52.331217,100
554,73,152,1,1,1,1,tax,refund,t,2024-04-18 07:47:52.331217,2024-04-18 07:47:52.331217,-100
555,,153,1,1,1,1,base,invoice,f,2024-04-18 07:47:52.331217,2024-04-18 07:47:52.331217,100
556,7,153,1,1,1,1,tax,invoice,t,2024-04-18 07:47:52.331217,2024-04-18 07:47:52.331217,100
557,73,153,1,1,1,1,tax,invoice,t,2024-04-18 07:47:52.331217,2024-04-18 07:47:52.331217,-100
558,,153,1,1,1,1,base,refund,f,2024-04-18 07:47:52.331217,2024-04-18 07:47:52.331217,100
559,7,153,1,1,1,1,tax,refund,t,2024-04-18 07:47:52.331217,2024-04-18 07:47:52.331217,100
560,73,153,1,1,1,1,tax,refund,t,2024-04-18 07:47:52.331217,2024-04-18 07:47:52.331217,-100
561,,155,1,1,1,1,base,invoice,f,2024-04-18 07:47:52.331217,2024-04-18 07:47:52.331217,100
562,7,155,1,1,1,1,tax,invoice,t,2024-04-18 07:47:52.331217,2024-04-18 07:47:52.331217,100
563,73,155,1,1,1,1,tax,invoice,t,2024-04-18 07:47:52.331217,2024-04-18 07:47:52.331217,-100
564,,155,1,1,1,1,base,refund,f,2024-04-18 07:47:52.331217,2024-04-18 07:47:52.331217,100
565,7,155,1,1,1,1,tax,refund,t,2024-04-18 07:47:52.331217,2024-04-18 07:47:52.331217,100
566,73,155,1,1,1,1,tax,refund,t,2024-04-18 07:47:52.331217,2024-04-18 07:47:52.331217,-100
567,,156,1,1,1,1,base,invoice,f,2024-04-18 07:47:52.331217,2024-04-18 07:47:52.331217,100
568,7,156,1,1,1,1,tax,invoice,t,2024-04-18 07:47:52.331217,2024-04-18 07:47:52.331217,100
569,29,156,1,1,1,1,tax,invoice,t,2024-04-18 07:47:52.331217,2024-04-18 07:47:52.331217,-100
570,,156,1,1,1,1,base,refund,f,2024-04-18 07:47:52.331217,2024-04-18 07:47:52.331217,100
571,7,156,1,1,1,1,tax,refund,t,2024-04-18 07:47:52.331217,2024-04-18 07:47:52.331217,100
572,29,156,1,1,1,1,tax,refund,t,2024-04-18 07:47:52.331217,2024-04-18 07:47:52.331217,-100
573,,157,1,1,1,1,base,invoice,f,2024-04-18 07:47:52.331217,2024-04-18 07:47:52.331217,100
574,7,157,1,1,1,1,tax,invoice,t,2024-04-18 07:47:52.331217,2024-04-18 07:47:52.331217,100
575,29,157,1,1,1,1,tax,invoice,t,2024-04-18 07:47:52.331217,2024-04-18 07:47:52.331217,-100
576,,157,1,1,1,1,base,refund,f,2024-04-18 07:47:52.331217,2024-04-18 07:47:52.331217,100
577,7,157,1,1,1,1,tax,refund,t,2024-04-18 07:47:52.331217,2024-04-18 07:47:52.331217,100
578,29,157,1,1,1,1,tax,refund,t,2024-04-18 07:47:52.331217,2024-04-18 07:47:52.331217,-100
579,,158,1,1,1,1,base,invoice,f,2024-04-18 07:47:52.331217,2024-04-18 07:47:52.331217,100
580,7,158,1,1,1,1,tax,invoice,t,2024-04-18 07:47:52.331217,2024-04-18 07:47:52.331217,100
581,29,158,1,1,1,1,tax,invoice,t,2024-04-18 07:47:52.331217,2024-04-18 07:47:52.331217,-100
582,,158,1,1,1,1,base,refund,f,2024-04-18 07:47:52.331217,2024-04-18 07:47:52.331217,100
583,7,158,1,1,1,1,tax,refund,t,2024-04-18 07:47:52.331217,2024-04-18 07:47:52.331217,100
584,29,158,1,1,1,1,tax,refund,t,2024-04-18 07:47:52.331217,2024-04-18 07:47:52.331217,-100
585,,159,1,1,1,1,base,invoice,f,2024-04-18 07:47:52.331217,2024-04-18 07:47:52.331217,100
586,7,159,1,1,1,1,tax,invoice,t,2024-04-18 07:47:52.331217,2024-04-18 07:47:52.331217,100
587,29,159,1,1,1,1,tax,invoice,t,2024-04-18 07:47:52.331217,2024-04-18 07:47:52.331217,-100
588,,159,1,1,1,1,base,refund,f,2024-04-18 07:47:52.331217,2024-04-18 07:47:52.331217,100
589,7,159,1,1,1,1,tax,refund,t,2024-04-18 07:47:52.331217,2024-04-18 07:47:52.331217,100
590,29,159,1,1,1,1,tax,refund,t,2024-04-18 07:47:52.331217,2024-04-18 07:47:52.331217,-100
591,,160,1,1,1,1,base,invoice,f,2024-04-18 07:47:52.331217,2024-04-18 07:47:52.331217,100
592,7,160,1,1,1,1,tax,invoice,t,2024-04-18 07:47:52.331217,2024-04-18 07:47:52.331217,100
593,29,160,1,1,1,1,tax,invoice,t,2024-04-18 07:47:52.331217,2024-04-18 07:47:52.331217,-100
594,,160,1,1,1,1,base,refund,f,2024-04-18 07:47:52.331217,2024-04-18 07:47:52.331217,100
595,7,160,1,1,1,1,tax,refund,t,2024-04-18 07:47:52.331217,2024-04-18 07:47:52.331217,100
596,29,160,1,1,1,1,tax,refund,t,2024-04-18 07:47:52.331217,2024-04-18 07:47:52.331217,-100
597,,161,1,1,1,1,base,invoice,f,2024-04-18 07:47:52.331217,2024-04-18 07:47:52.331217,100
598,7,161,1,1,1,1,tax,invoice,t,2024-04-18 07:47:52.331217,2024-04-18 07:47:52.331217,100
599,29,161,1,1,1,1,tax,invoice,t,2024-04-18 07:47:52.331217,2024-04-18 07:47:52.331217,-100
600,,161,1,1,1,1,base,refund,f,2024-04-18 07:47:52.331217,2024-04-18 07:47:52.331217,100
601,7,161,1,1,1,1,tax,refund,t,2024-04-18 07:47:52.331217,2024-04-18 07:47:52.331217,100
602,29,161,1,1,1,1,tax,refund,t,2024-04-18 07:47:52.331217,2024-04-18 07:47:52.331217,-100
603,,162,1,1,1,1,base,invoice,f,2024-04-18 07:47:52.331217,2024-04-18 07:47:52.331217,100
604,7,162,1,1,1,1,tax,invoice,t,2024-04-18 07:47:52.331217,2024-04-18 07:47:52.331217,100
605,27,162,1,1,1,1,tax,invoice,t,2024-04-18 07:47:52.331217,2024-04-18 07:47:52.331217,-100
606,,162,1,1,1,1,base,refund,f,2024-04-18 07:47:52.331217,2024-04-18 07:47:52.331217,100
607,7,162,1,1,1,1,tax,refund,t,2024-04-18 07:47:52.331217,2024-04-18 07:47:52.331217,100
608,27,162,1,1,1,1,tax,refund,t,2024-04-18 07:47:52.331217,2024-04-18 07:47:52.331217,-100
609,,163,1,1,1,1,base,invoice,f,2024-04-18 07:47:52.331217,2024-04-18 07:47:52.331217,100
610,7,163,1,1,1,1,tax,invoice,t,2024-04-18 07:47:52.331217,2024-04-18 07:47:52.331217,100
611,28,163,1,1,1,1,tax,invoice,t,2024-04-18 07:47:52.331217,2024-04-18 07:47:52.331217,-100
612,,163,1,1,1,1,base,refund,f,2024-04-18 07:47:52.331217,2024-04-18 07:47:52.331217,100
613,7,163,1,1,1,1,tax,refund,t,2024-04-18 07:47:52.331217,2024-04-18 07:47:52.331217,100
614,28,163,1,1,1,1,tax,refund,t,2024-04-18 07:47:52.331217,2024-04-18 07:47:52.331217,-100
615,,165,1,1,1,1,base,invoice,f,2024-04-18 07:47:52.331217,2024-04-18 07:47:52.331217,100
616,7,165,1,1,1,1,tax,invoice,t,2024-04-18 07:47:52.331217,2024-04-18 07:47:52.331217,100
617,27,165,1,1,1,1,tax,invoice,t,2024-04-18 07:47:52.331217,2024-04-18 07:47:52.331217,-100
618,,165,1,1,1,1,base,refund,f,2024-04-18 07:47:52.331217,2024-04-18 07:47:52.331217,100
619,7,165,1,1,1,1,tax,refund,t,2024-04-18 07:47:52.331217,2024-04-18 07:47:52.331217,100
620,27,165,1,1,1,1,tax,refund,t,2024-04-18 07:47:52.331217,2024-04-18 07:47:52.331217,-100
621,,166,1,1,1,1,base,invoice,f,2024-04-18 07:47:52.331217,2024-04-18 07:47:52.331217,100
622,7,166,1,1,1,1,tax,invoice,t,2024-04-18 07:47:52.331217,2024-04-18 07:47:52.331217,100
623,28,166,1,1,1,1,tax,invoice,t,2024-04-18 07:47:52.331217,2024-04-18 07:47:52.331217,-100
624,,166,1,1,1,1,base,refund,f,2024-04-18 07:47:52.331217,2024-04-18 07:47:52.331217,100
625,7,166,1,1,1,1,tax,refund,t,2024-04-18 07:47:52.331217,2024-04-18 07:47:52.331217,100
626,28,166,1,1,1,1,tax,refund,t,2024-04-18 07:47:52.331217,2024-04-18 07:47:52.331217,-100
627,,168,1,1,1,1,base,invoice,f,2024-04-18 07:47:52.331217,2024-04-18 07:47:52.331217,100
628,7,168,1,1,1,1,tax,invoice,t,2024-04-18 07:47:52.331217,2024-04-18 07:47:52.331217,100
629,27,168,1,1,1,1,tax,invoice,t,2024-04-18 07:47:52.331217,2024-04-18 07:47:52.331217,-100
630,,168,1,1,1,1,base,refund,f,2024-04-18 07:47:52.331217,2024-04-18 07:47:52.331217,100
631,7,168,1,1,1,1,tax,refund,t,2024-04-18 07:47:52.331217,2024-04-18 07:47:52.331217,100
632,27,168,1,1,1,1,tax,refund,t,2024-04-18 07:47:52.331217,2024-04-18 07:47:52.331217,-100
633,,169,1,1,1,1,base,invoice,f,2024-04-18 07:47:52.331217,2024-04-18 07:47:52.331217,100
634,7,169,1,1,1,1,tax,invoice,t,2024-04-18 07:47:52.331217,2024-04-18 07:47:52.331217,100
635,28,169,1,1,1,1,tax,invoice,t,2024-04-18 07:47:52.331217,2024-04-18 07:47:52.331217,-100
636,,169,1,1,1,1,base,refund,f,2024-04-18 07:47:52.331217,2024-04-18 07:47:52.331217,100
637,7,169,1,1,1,1,tax,refund,t,2024-04-18 07:47:52.331217,2024-04-18 07:47:52.331217,100
638,28,169,1,1,1,1,tax,refund,t,2024-04-18 07:47:52.331217,2024-04-18 07:47:52.331217,-100
639,,171,1,1,1,1,base,invoice,f,2024-04-18 07:47:52.331217,2024-04-18 07:47:52.331217,100
640,7,171,1,1,1,1,tax,invoice,t,2024-04-18 07:47:52.331217,2024-04-18 07:47:52.331217,100
641,27,171,1,1,1,1,tax,invoice,t,2024-04-18 07:47:52.331217,2024-04-18 07:47:52.331217,-100
642,,171,1,1,1,1,base,refund,f,2024-04-18 07:47:52.331217,2024-04-18 07:47:52.331217,100
643,7,171,1,1,1,1,tax,refund,t,2024-04-18 07:47:52.331217,2024-04-18 07:47:52.331217,100
644,27,171,1,1,1,1,tax,refund,t,2024-04-18 07:47:52.331217,2024-04-18 07:47:52.331217,-100
645,,172,1,1,1,1,base,invoice,f,2024-04-18 07:47:52.331217,2024-04-18 07:47:52.331217,100
646,7,172,1,1,1,1,tax,invoice,t,2024-04-18 07:47:52.331217,2024-04-18 07:47:52.331217,100
647,28,172,1,1,1,1,tax,invoice,t,2024-04-18 07:47:52.331217,2024-04-18 07:47:52.331217,-100
648,,172,1,1,1,1,base,refund,f,2024-04-18 07:47:52.331217,2024-04-18 07:47:52.331217,100
649,7,172,1,1,1,1,tax,refund,t,2024-04-18 07:47:52.331217,2024-04-18 07:47:52.331217,100
650,28,172,1,1,1,1,tax,refund,t,2024-04-18 07:47:52.331217,2024-04-18 07:47:52.331217,-100
651,,174,1,1,1,1,base,invoice,f,2024-04-18 07:47:52.331217,2024-04-18 07:47:52.331217,100
652,7,174,1,1,1,1,tax,invoice,t,2024-04-18 07:47:52.331217,2024-04-18 07:47:52.331217,100
653,27,174,1,1,1,1,tax,invoice,t,2024-04-18 07:47:52.331217,2024-04-18 07:47:52.331217,-100
654,,174,1,1,1,1,base,refund,f,2024-04-18 07:47:52.331217,2024-04-18 07:47:52.331217,100
655,7,174,1,1,1,1,tax,refund,t,2024-04-18 07:47:52.331217,2024-04-18 07:47:52.331217,100
656,27,174,1,1,1,1,tax,refund,t,2024-04-18 07:47:52.331217,2024-04-18 07:47:52.331217,-100
657,,175,1,1,1,1,base,invoice,f,2024-04-18 07:47:52.331217,2024-04-18 07:47:52.331217,100
658,7,175,1,1,1,1,tax,invoice,t,2024-04-18 07:47:52.331217,2024-04-18 07:47:52.331217,100
659,28,175,1,1,1,1,tax,invoice,t,2024-04-18 07:47:52.331217,2024-04-18 07:47:52.331217,-100
660,,175,1,1,1,1,base,refund,f,2024-04-18 07:47:52.331217,2024-04-18 07:47:52.331217,100
661,7,175,1,1,1,1,tax,refund,t,2024-04-18 07:47:52.331217,2024-04-18 07:47:52.331217,100
662,28,175,1,1,1,1,tax,refund,t,2024-04-18 07:47:52.331217,2024-04-18 07:47:52.331217,-100
663,,177,1,1,1,1,base,invoice,f,2024-04-18 07:47:52.331217,2024-04-18 07:47:52.331217,100
664,7,177,1,1,1,1,tax,invoice,t,2024-04-18 07:47:52.331217,2024-04-18 07:47:52.331217,100
665,27,177,1,1,1,1,tax,invoice,t,2024-04-18 07:47:52.331217,2024-04-18 07:47:52.331217,-100
666,,177,1,1,1,1,base,refund,f,2024-04-18 07:47:52.331217,2024-04-18 07:47:52.331217,100
667,7,177,1,1,1,1,tax,refund,t,2024-04-18 07:47:52.331217,2024-04-18 07:47:52.331217,100
668,27,177,1,1,1,1,tax,refund,t,2024-04-18 07:47:52.331217,2024-04-18 07:47:52.331217,-100
669,,178,1,1,1,1,base,invoice,f,2024-04-18 07:47:52.331217,2024-04-18 07:47:52.331217,100
670,7,178,1,1,1,1,tax,invoice,t,2024-04-18 07:47:52.331217,2024-04-18 07:47:52.331217,100
671,28,178,1,1,1,1,tax,invoice,t,2024-04-18 07:47:52.331217,2024-04-18 07:47:52.331217,-100
672,,178,1,1,1,1,base,refund,f,2024-04-18 07:47:52.331217,2024-04-18 07:47:52.331217,100
673,7,178,1,1,1,1,tax,refund,t,2024-04-18 07:47:52.331217,2024-04-18 07:47:52.331217,100
674,28,178,1,1,1,1,tax,refund,t,2024-04-18 07:47:52.331217,2024-04-18 07:47:52.331217,-100
675,,91,1,1,1,1,base,invoice,f,2024-04-18 07:47:52.331217,2024-04-18 07:47:52.331217,100
676,,91,1,1,1,1,tax,invoice,f,2024-04-18 07:47:52.331217,2024-04-18 07:47:52.331217,100
677,,105,1,1,1,1,base,invoice,f,2024-04-18 07:47:52.331217,2024-04-18 07:47:52.331217,100
678,,105,1,1,1,1,tax,invoice,f,2024-04-18 07:47:52.331217,2024-04-18 07:47:52.331217,100
679,,108,1,1,1,1,base,invoice,f,2024-04-18 07:47:52.331217,2024-04-18 07:47:52.331217,100
680,,108,1,1,1,1,tax,invoice,f,2024-04-18 07:47:52.331217,2024-04-18 07:47:52.331217,100
681,,111,1,1,1,1,base,invoice,f,2024-04-18 07:47:52.331217,2024-04-18 07:47:52.331217,100
682,,111,1,1,1,1,tax,invoice,f,2024-04-18 07:47:52.331217,2024-04-18 07:47:52.331217,100
683,,114,1,1,1,1,base,invoice,f,2024-04-18 07:47:52.331217,2024-04-18 07:47:52.331217,100
684,,114,1,1,1,1,tax,invoice,f,2024-04-18 07:47:52.331217,2024-04-18 07:47:52.331217,100
685,,117,1,1,1,1,base,invoice,f,2024-04-18 07:47:52.331217,2024-04-18 07:47:52.331217,100
686,,117,1,1,1,1,tax,invoice,f,2024-04-18 07:47:52.331217,2024-04-18 07:47:52.331217,100
687,,120,1,1,1,1,base,invoice,f,2024-04-18 07:47:52.331217,2024-04-18 07:47:52.331217,100
688,,120,1,1,1,1,tax,invoice,f,2024-04-18 07:47:52.331217,2024-04-18 07:47:52.331217,100
689,,123,1,1,1,1,base,invoice,f,2024-04-18 07:47:52.331217,2024-04-18 07:47:52.331217,100
690,,123,1,1,1,1,tax,invoice,f,2024-04-18 07:47:52.331217,2024-04-18 07:47:52.331217,100
691,,136,1,1,1,1,base,invoice,f,2024-04-18 07:47:52.331217,2024-04-18 07:47:52.331217,100
692,,136,1,1,1,1,tax,invoice,f,2024-04-18 07:47:52.331217,2024-04-18 07:47:52.331217,100
693,,139,1,1,1,1,base,invoice,f,2024-04-18 07:47:52.331217,2024-04-18 07:47:52.331217,100
694,,139,1,1,1,1,tax,invoice,f,2024-04-18 07:47:52.331217,2024-04-18 07:47:52.331217,100
695,,142,1,1,1,1,base,invoice,f,2024-04-18 07:47:52.331217,2024-04-18 07:47:52.331217,100
696,,142,1,1,1,1,tax,invoice,f,2024-04-18 07:47:52.331217,2024-04-18 07:47:52.331217,100
697,,145,1,1,1,1,base,invoice,f,2024-04-18 07:47:52.331217,2024-04-18 07:47:52.331217,100
698,,145,1,1,1,1,tax,invoice,f,2024-04-18 07:47:52.331217,2024-04-18 07:47:52.331217,100
699,,148,1,1,1,1,base,invoice,f,2024-04-18 07:47:52.331217,2024-04-18 07:47:52.331217,100
700,,148,1,1,1,1,tax,invoice,f,2024-04-18 07:47:52.331217,2024-04-18 07:47:52.331217,100
701,,151,1,1,1,1,base,invoice,f,2024-04-18 07:47:52.331217,2024-04-18 07:47:52.331217,100
702,,151,1,1,1,1,tax,invoice,f,2024-04-18 07:47:52.331217,2024-04-18 07:47:52.331217,100
703,,154,1,1,1,1,base,invoice,f,2024-04-18 07:47:52.331217,2024-04-18 07:47:52.331217,100
704,,154,1,1,1,1,tax,invoice,f,2024-04-18 07:47:52.331217,2024-04-18 07:47:52.331217,100
705,,164,1,1,1,1,base,invoice,f,2024-04-18 07:47:52.331217,2024-04-18 07:47:52.331217,100
706,,164,1,1,1,1,tax,invoice,f,2024-04-18 07:47:52.331217,2024-04-18 07:47:52.331217,100
707,,167,1,1,1,1,base,invoice,f,2024-04-18 07:47:52.331217,2024-04-18 07:47:52.331217,100
708,,167,1,1,1,1,tax,invoice,f,2024-04-18 07:47:52.331217,2024-04-18 07:47:52.331217,100
709,,170,1,1,1,1,base,invoice,f,2024-04-18 07:47:52.331217,2024-04-18 07:47:52.331217,100
710,,170,1,1,1,1,tax,invoice,f,2024-04-18 07:47:52.331217,2024-04-18 07:47:52.331217,100
711,,173,1,1,1,1,base,invoice,f,2024-04-18 07:47:52.331217,2024-04-18 07:47:52.331217,100
712,,173,1,1,1,1,tax,invoice,f,2024-04-18 07:47:52.331217,2024-04-18 07:47:52.331217,100
713,,176,1,1,1,1,base,invoice,f,2024-04-18 07:47:52.331217,2024-04-18 07:47:52.331217,100
714,,176,1,1,1,1,tax,invoice,f,2024-04-18 07:47:52.331217,2024-04-18 07:47:52.331217,100
715,,179,1,1,1,1,base,invoice,f,2024-04-18 07:47:52.331217,2024-04-18 07:47:52.331217,100
716,,179,1,1,1,1,tax,invoice,f,2024-04-18 07:47:52.331217,2024-04-18 07:47:52.331217,100
717,,91,1,1,1,1,base,refund,f,2024-04-18 07:47:52.331217,2024-04-18 07:47:52.331217,100
718,,91,1,1,1,1,tax,refund,f,2024-04-18 07:47:52.331217,2024-04-18 07:47:52.331217,100
719,,105,1,1,1,1,base,refund,f,2024-04-18 07:47:52.331217,2024-04-18 07:47:52.331217,100
720,,105,1,1,1,1,tax,refund,f,2024-04-18 07:47:52.331217,2024-04-18 07:47:52.331217,100
721,,108,1,1,1,1,base,refund,f,2024-04-18 07:47:52.331217,2024-04-18 07:47:52.331217,100
722,,108,1,1,1,1,tax,refund,f,2024-04-18 07:47:52.331217,2024-04-18 07:47:52.331217,100
723,,111,1,1,1,1,base,refund,f,2024-04-18 07:47:52.331217,2024-04-18 07:47:52.331217,100
724,,111,1,1,1,1,tax,refund,f,2024-04-18 07:47:52.331217,2024-04-18 07:47:52.331217,100
725,,114,1,1,1,1,base,refund,f,2024-04-18 07:47:52.331217,2024-04-18 07:47:52.331217,100
726,,114,1,1,1,1,tax,refund,f,2024-04-18 07:47:52.331217,2024-04-18 07:47:52.331217,100
727,,117,1,1,1,1,base,refund,f,2024-04-18 07:47:52.331217,2024-04-18 07:47:52.331217,100
728,,117,1,1,1,1,tax,refund,f,2024-04-18 07:47:52.331217,2024-04-18 07:47:52.331217,100
729,,120,1,1,1,1,base,refund,f,2024-04-18 07:47:52.331217,2024-04-18 07:47:52.331217,100
730,,120,1,1,1,1,tax,refund,f,2024-04-18 07:47:52.331217,2024-04-18 07:47:52.331217,100
731,,123,1,1,1,1,base,refund,f,2024-04-18 07:47:52.331217,2024-04-18 07:47:52.331217,100
732,,123,1,1,1,1,tax,refund,f,2024-04-18 07:47:52.331217,2024-04-18 07:47:52.331217,100
733,,136,1,1,1,1,base,refund,f,2024-04-18 07:47:52.331217,2024-04-18 07:47:52.331217,100
734,,136,1,1,1,1,tax,refund,f,2024-04-18 07:47:52.331217,2024-04-18 07:47:52.331217,100
735,,139,1,1,1,1,base,refund,f,2024-04-18 07:47:52.331217,2024-04-18 07:47:52.331217,100
736,,139,1,1,1,1,tax,refund,f,2024-04-18 07:47:52.331217,2024-04-18 07:47:52.331217,100
737,,142,1,1,1,1,base,refund,f,2024-04-18 07:47:52.331217,2024-04-18 07:47:52.331217,100
738,,142,1,1,1,1,tax,refund,f,2024-04-18 07:47:52.331217,2024-04-18 07:47:52.331217,100
739,,145,1,1,1,1,base,refund,f,2024-04-18 07:47:52.331217,2024-04-18 07:47:52.331217,100
740,,145,1,1,1,1,tax,refund,f,2024-04-18 07:47:52.331217,2024-04-18 07:47:52.331217,100
741,,148,1,1,1,1,base,refund,f,2024-04-18 07:47:52.331217,2024-04-18 07:47:52.331217,100
742,,148,1,1,1,1,tax,refund,f,2024-04-18 07:47:52.331217,2024-04-18 07:47:52.331217,100
743,,151,1,1,1,1,base,refund,f,2024-04-18 07:47:52.331217,2024-04-18 07:47:52.331217,100
744,,151,1,1,1,1,tax,refund,f,2024-04-18 07:47:52.331217,2024-04-18 07:47:52.331217,100
745,,154,1,1,1,1,base,refund,f,2024-04-18 07:47:52.331217,2024-04-18 07:47:52.331217,100
746,,154,1,1,1,1,tax,refund,f,2024-04-18 07:47:52.331217,2024-04-18 07:47:52.331217,100
747,,164,1,1,1,1,base,refund,f,2024-04-18 07:47:52.331217,2024-04-18 07:47:52.331217,100
748,,164,1,1,1,1,tax,refund,f,2024-04-18 07:47:52.331217,2024-04-18 07:47:52.331217,100
749,,167,1,1,1,1,base,refund,f,2024-04-18 07:47:52.331217,2024-04-18 07:47:52.331217,100
750,,167,1,1,1,1,tax,refund,f,2024-04-18 07:47:52.331217,2024-04-18 07:47:52.331217,100
751,,170,1,1,1,1,base,refund,f,2024-04-18 07:47:52.331217,2024-04-18 07:47:52.331217,100
752,,170,1,1,1,1,tax,refund,f,2024-04-18 07:47:52.331217,2024-04-18 07:47:52.331217,100
753,,173,1,1,1,1,base,refund,f,2024-04-18 07:47:52.331217,2024-04-18 07:47:52.331217,100
754,,173,1,1,1,1,tax,refund,f,2024-04-18 07:47:52.331217,2024-04-18 07:47:52.331217,100
755,,176,1,1,1,1,base,refund,f,2024-04-18 07:47:52.331217,2024-04-18 07:47:52.331217,100
756,,176,1,1,1,1,tax,refund,f,2024-04-18 07:47:52.331217,2024-04-18 07:47:52.331217,100
757,,179,1,1,1,1,base,refund,f,2024-04-18 07:47:52.331217,2024-04-18 07:47:52.331217,100
758,,179,1,1,1,1,tax,refund,f,2024-04-18 07:47:52.331217,2024-04-18 07:47:52.331217,100
